1682752240.102415084838867,31.760766982166668,117.183684816333340,23.559999999999999
1682752240.197694063186646,31.760766978666666,117.183684816833335,23.561000000000000
1682752240.304538965225220,31.760766979666666,117.183684817000000,23.561000000000000
1682752240.399560928344727,31.760766980333333,117.183684816833335,23.559999999999999
1682752240.497953891754150,31.760766980666666,117.183684816833335,23.559999999999999
1682752240.590851068496704,31.760766981166668,117.183684816333340,23.559999999999999
1682752240.693901062011719,31.760766981666666,117.183684816333340,23.559999999999999
1682752240.787782907485962,31.760766982333333,117.183684816333340,23.559999999999999
1682752240.890801906585693,31.760766983000000,117.183684816333340,23.559999999999999
1682752240.985291004180908,31.760766983666667,117.183684816166661,23.559999999999999
1682752241.089255094528198,31.760766984000000,117.183684815999996,23.559999999999999
1682752241.192887067794800,31.760766984500002,117.183684815999996,23.559999999999999
1682752241.289423942565918,31.760766985000000,117.183684815999996,23.559999999999999
1682752241.389292001724243,31.760766985333333,117.183684815833331,23.559999999999999
1682752241.492491006851196,31.760766985666667,117.183684815500001,23.559999999999999
1682752241.586330890655518,31.760766986000000,117.183684815833331,23.559999999999999
1682752241.689387083053589,31.760766986499998,117.183684815666666,23.559999999999999
1682752241.792526960372925,31.760766986833332,117.183684816333340,23.559999999999999
1682752241.889550924301147,31.760766986666667,117.183684816833335,23.559999999999999
1682752241.989221096038818,31.760766985499998,117.183684816166661,23.559999999999999
1682752242.092581987380981,31.760766985833332,117.183684816333340,23.559999999999999
1682752242.186353921890259,31.760766986000000,117.183684815833331,23.559999999999999
1682752242.289273977279663,31.760766986499998,117.183684815833331,23.559999999999999
1682752242.392462015151978,31.760766986833332,117.183684815666666,23.559999999999999
1682752242.489470005035400,31.760766987166665,117.183684815500001,23.559999999999999
1682752242.590023040771484,31.760766987666667,117.183684815500001,23.559999999999999
1682752242.703979969024658,31.760766988000000,117.183684815500001,23.559999999999999
1682752242.799376964569092,31.760766988333334,117.183684815500001,23.559999999999999
1682752242.897888898849487,31.760766988666667,117.183684815500001,23.559999999999999
1682752242.992908000946045,31.760766989000000,117.183684815333336,23.559999999999999
1682752243.094065904617310,31.760766989499999,117.183684815000007,23.559999999999999
1682752243.191236019134521,31.760766989833332,117.183684815000007,23.559999999999999
1682752243.294080018997192,31.760766990166665,117.183684815166671,23.559999999999999
1682752243.387881040573120,31.760766990666667,117.183684814833327,23.559999999999999
1682752243.491173982620239,31.760766990833332,117.183684814666663,23.559999999999999
1682752243.586225032806396,31.760766991166665,117.183684814833327,23.559999999999999
1682752243.689398050308228,31.760766991499999,117.183684814666663,23.559999999999999
1682752243.792850017547607,31.760766991833332,117.183684814666663,23.559999999999999
1682752243.889462947845459,31.760766991833332,117.183684814499998,23.559999999999999
1682752243.989295959472656,31.760766992166666,117.183684814499998,23.559999999999999
1682752244.092434883117676,31.760766992333334,117.183684814499998,23.559999999999999
1682752244.186250925064087,31.760766992666667,117.183684814499998,23.559999999999999
1682752244.292660951614380,31.760766992666667,117.183684814666663,23.559999999999999
1682752244.392574071884155,31.760766992666667,117.183684814499998,23.559999999999999
1682752244.489558935165405,31.760766992833332,117.183684814499998,23.559999999999999
1682752244.589334964752197,31.760766993000001,117.183684814499998,23.559999999999999
1682752244.692493915557861,31.760766993000001,117.183684814499998,23.559999999999999
1682752244.786192893981934,31.760766993000001,117.183684814499998,23.559999999999999
1682752244.892800092697144,31.760766993000001,117.183684814499998,23.559999999999999
1682752244.992609977722168,31.760766993000001,117.183684815333336,23.559999999999999
1682752245.093941926956177,31.760766993166666,117.183684815666666,23.559999999999999
1682752245.190947055816650,31.760766991833332,117.183684815166671,23.559999999999999
1682752245.294327974319458,31.760766992166666,117.183684815500001,23.559999999999999
1682752245.387717008590698,31.760766992499999,117.183684815000007,23.559999999999999
1682752245.494378089904785,31.760766992333334,117.183684815500001,23.559999999999999
1682752245.594273090362549,31.760766992499999,117.183684815166671,23.559999999999999
1682752245.687939882278442,31.760766992666667,117.183684815000007,23.559999999999999
1682752245.791495084762573,31.760766992499999,117.183684814666663,23.559999999999999
1682752245.894033908843994,31.760766984166665,117.183684819500002,23.559999999999999
1682752245.987938880920410,31.760766780666668,117.183684857833327,23.559999999999999
1682752246.098884105682373,31.760766363166667,117.183685062833334,23.605000000000000
1682752246.195044040679932,31.760765944333333,117.183685113166661,23.605000000000000
1682752246.294400930404663,31.760765533000001,117.183685337833339,23.646000000000001
1682752246.394238948822021,31.760764952833334,117.183685426166662,23.646999999999998
1682752246.491184949874878,31.760764263833334,117.183685674166668,23.687999999999999
1682752246.591120004653931,31.760763494500001,117.183685773500002,23.689000000000000
1682752246.694015026092529,31.760762678333332,117.183685881833327,23.690000000000001
1682752246.787686109542847,31.760761786166668,117.183686145500005,23.730000000000000
1682752246.894170045852661,31.760760797333333,117.183686395333339,23.768000000000001
1682752246.994801998138428,31.760759722500001,117.183686549666660,23.768999999999998
1682752247.095601081848145,31.760758585500000,117.183686847000004,23.806000000000001
1682752247.192595005035400,31.760757329333334,117.183687018333330,23.808000000000000
1682752247.289664983749390,31.760756029500001,117.183687288499996,23.844000000000001
1682752247.381006002426147,31.760754724833333,117.183687463666672,23.844999999999999
1682752247.484961986541748,31.760753441999999,117.183687741499995,23.881000000000000
1682752247.592524051666260,31.760752174833332,117.183687928333327,23.881999999999998
1682752247.686275005340576,31.760750918666666,117.183688103333338,23.882999999999999
1682752247.789316892623901,31.760749694833333,117.183688350166662,23.916999999999998
1682752247.892461061477661,31.760748524666667,117.183688609833339,23.948999999999998
1682752247.986211061477661,31.760747329000001,117.183688786333335,23.948999999999998
1682752248.089375972747803,31.760746123666667,117.183689014833334,23.978999999999999
1682752248.192506074905396,31.760744853333332,117.183689191333329,23.980000000000000
1682752248.289482116699219,31.760743615500001,117.183689429333327,24.009000000000000
1682752248.389264106750488,31.760742375333333,117.183689591166669,24.009999999999998
1682752248.492697000503540,31.760741130833335,117.183689849833328,24.039999999999999
1682752248.586513042449951,31.760739913500000,117.183690036833340,24.041999999999998
1682752248.691160917282104,31.760738696666667,117.183690212499997,24.044000000000000
1682752248.794085025787354,31.760737529166668,117.183690471833330,24.071999999999999
1682752248.887864112854004,31.760736340000001,117.183690706666667,24.099000000000000
1682752248.991193056106567,31.760735197666666,117.183690891666672,24.099999999999998
1682752249.094295024871826,31.760734071833333,117.183691128166672,24.125000000000000
1682752249.187983989715576,31.760732967166668,117.183691288500000,24.125000000000000
1682752249.291048049926758,31.760731763666666,117.183691542166670,24.149000000000001
1682752249.394593954086304,31.760730436999999,117.183691775333330,24.151000000000000
1682752249.491283893585205,31.760729151333333,117.183692003000004,24.169999999999998
1682752249.591084957122803,31.760727846166667,117.183692208833335,24.170999999999999
1682752249.694184064865112,31.760726565166667,117.183692437833329,24.172000000000001
1682752249.788146018981934,31.760725288333333,117.183692682333330,24.192999999999998
1682752249.884916067123413,31.760724052166665,117.183692912500007,24.210999999999999
1682752249.982827901840210,31.760722796000000,117.183693053333329,24.213000000000001
1682752250.082556962966919,31.760721585833334,117.183693170833337,24.230999999999998
1682752250.183092117309570,31.760720363833332,117.183693233666673,24.231999999999999
1682752250.284351110458374,31.760719201000001,117.183693297500000,24.247000000000000
1682752250.384179115295410,31.760718018999999,117.183693352999995,24.248000000000001
1682752250.484137058258057,31.760716868666666,117.183693364833331,24.262999999999998
1682752250.584116935729980,31.760715721499999,117.183693324166669,24.262999999999998
1682752250.686417102813721,31.760714558499998,117.183693341500003,24.262000000000000
1682752250.789541959762573,31.760713281666668,117.183693369666670,24.279000000000000
1682752250.892611980438232,31.760712125000001,117.183693376500003,24.291999999999998
1682752250.986275911331177,31.760711032500001,117.183693389833337,24.294000000000000
1682752251.097389936447144,31.760710321166666,117.183693412166662,24.308000000000000
1682752251.204873085021973,31.760710113166667,117.183693391000006,24.312000000000001
1682752251.302911043167114,31.760710373166667,117.183693406499998,24.312000000000001
1682752251.394793033599854,31.760710216666666,117.183693403333336,24.320000000000000
1682752251.501029014587402,31.760710259833335,117.183693397833338,24.326000000000001
1682752251.596729040145874,31.760710219833335,117.183693395500001,24.329000000000001
1682752251.693097114562988,31.760710275166666,117.183693382833340,24.326999999999998
1682752251.786798954010010,31.760710276333334,117.183693391333335,24.338000000000001
1682752251.893122911453247,31.760710270666667,117.183693406833328,24.346999999999998
1682752251.993943929672241,31.760710192833333,117.183693406666663,24.346000000000000
1682752252.094482898712158,31.760709812833333,117.183693437833327,24.355000000000000
1682752252.191602945327759,31.760709283333334,117.183693431833333,24.356999999999999
1682752252.294795989990234,31.760708779000002,117.183693454666667,24.364000000000001
1682752252.388493061065674,31.760708243666667,117.183693457833328,24.364000000000001
1682752252.491565942764282,31.760707519166665,117.183693491000000,24.372000000000000
1682752252.594281911849976,31.760706694500001,117.183693536000007,24.373000000000001
1682752252.687798023223877,31.760705819166667,117.183693583333337,24.373999999999999
1682752252.790978908538818,31.760704907666668,117.183693634500003,24.379999999999999
1682752252.894082069396973,31.760703896833334,117.183693791333340,24.396000000000001
1682752252.987777948379517,31.760702777166667,117.183693900500003,24.396999999999998
1682752253.098803997039795,31.760701570500000,117.183694149166669,24.416999999999998
1682752253.194695949554443,31.760700301666667,117.183694275833332,24.416999999999998
1682752253.294450044631958,31.760699010833335,117.183694544000005,24.434999999999999
1682752253.394927024841309,31.760697732499999,117.183694676666661,24.434999999999999
1682752253.492774009704590,31.760696453333335,117.183694950666663,24.457000000000001
1682752253.592555999755859,31.760695208166666,117.183695071833327,24.457000000000001
1682752253.686410903930664,31.760693950000000,117.183695230166663,24.457000000000001
1682752253.779356956481934,31.760692701000000,117.183695336499994,24.457000000000001
1682752253.882781028747559,31.760691452666666,117.183695455500001,24.457000000000001
1682752253.979284048080444,31.760690194333332,117.183695609666671,24.457000000000001
1682752254.087215900421143,31.760688934499999,117.183695727166665,24.457999999999998
1682752254.190891981124878,31.760687674166668,117.183695837499997,24.459000000000000
1682752254.294097900390625,31.760686436000000,117.183695967999995,24.457999999999998
1682752254.387799978256226,31.760685203000001,117.183696076666664,24.459000000000000
1682752254.494260072708130,31.760683994666667,117.183696194666666,24.459000000000000
1682752254.594022989273071,31.760682792499999,117.183696350333335,24.460000000000001
1682752254.687903881072998,31.760681629333334,117.183696471499999,24.460999999999999
1682752254.791112899780273,31.760680529166667,117.183696569166671,24.460000000000001
1682752254.894308090209961,31.760679432333333,117.183696698500000,24.460999999999999
1682752254.987813949584961,31.760678349500001,117.183696810166666,24.460999999999999
1682752255.194791078567505,31.760675828666667,117.183697075166663,24.463000000000001
1682752255.300991058349609,31.760674489833335,117.183697245166670,24.463000000000001
1682752255.396270036697388,31.760673131666668,117.183697405666663,24.465000000000000
1682752255.586333990097046,31.760670510666667,117.183697714333334,24.465000000000000
1682752255.689604997634888,31.760669220499999,117.183697861166664,24.466999999999999
1682752255.792849063873291,31.760667955666666,117.183698010666660,24.466999999999999
1682752255.886260986328125,31.760666708833334,117.183698169833335,24.466999999999999
1682752255.989357948303223,31.760665482333334,117.183698315499996,24.468000000000000
1682752256.092600107192993,31.760664264166667,117.183698461000006,24.468000000000000
1682752256.186275005340576,31.760663070666666,117.183698602500002,24.469000000000001
1682752256.289302110671997,31.760661877499999,117.183698742666664,24.468000000000000
1682752256.392900943756104,31.760660631000000,117.183698906000004,24.469000000000001
1682752256.489609956741333,31.760659384000000,117.183699046833340,24.469000000000001
1682752256.589399099349976,31.760658157666668,117.183699187833327,24.469999999999999
1682752256.692662954330444,31.760656945833333,117.183699359833327,24.471000000000000
1682752256.789592027664185,31.760655851666666,117.183699513666667,24.471000000000000
1682752256.889472007751465,31.760654890500000,117.183699612333328,24.471000000000000
1682752256.992537975311279,31.760653923000000,117.183699726333330,24.471999999999998
1682752257.094110965728760,31.760652983000000,117.183699845166672,24.471999999999998
1682752257.191417932510376,31.760652042000000,117.183699957333332,24.474000000000000
1682752257.294291019439697,31.760651114333335,117.183700083666665,24.474000000000000
1682752257.387852907180786,31.760650128333332,117.183700183666673,24.474999999999998
1682752257.491007089614868,31.760649030000000,117.183700340333331,24.477000000000000
1682752257.594307899475098,31.760647870666666,117.183700497833328,24.477999999999998
1682752257.687905073165894,31.760646735000002,117.183700640666672,24.478999999999999
1682752257.791241884231567,31.760645590666666,117.183700811166673,24.480999999999998
1682752257.894248962402344,31.760644445499999,117.183700968666670,24.481999999999999
1682752257.987888097763062,31.760643309500001,117.183701120666669,24.483000000000001
1682752258.091052055358887,31.760642149833334,117.183701264999996,24.484999999999999
1682752258.194246053695679,31.760640992500001,117.183701403000001,24.484999999999999
1682752258.291265010833740,31.760639841833335,117.183701577500003,24.486999999999998
1682752258.391139030456543,31.760638707333335,117.183701721666665,24.488000000000000
1682752258.494244098663330,31.760637572333334,117.183701907000000,24.489000000000001
1682752258.588033914566040,31.760636455166665,117.183702060499996,24.489999999999998
1682752258.691236972808838,31.760635366500001,117.183702197000002,24.491000000000000
1682752258.785425901412964,31.760634242333332,117.183702377000003,24.492000000000001
1682752258.892915010452271,31.760633000999999,117.183702719333340,24.520000000000000
1682752258.992861986160278,31.760631763166668,117.183702885833327,24.521000000000001
1682752259.094265937805176,31.760630490333334,117.183703198833328,24.547999999999998
1682752259.191150903701782,31.760629270500001,117.183703392500007,24.548999999999999
1682752259.294420957565308,31.760628011666668,117.183703707500001,24.574999999999999
1682752259.388232946395874,31.760626823666666,117.183703859333335,24.576999999999998
1682752259.491161108016968,31.760625623666666,117.183704179333333,24.602000000000000
1682752259.594316959381104,31.760624454166667,117.183704359999993,24.602000000000000
1682752259.688093900680542,31.760623288166666,117.183704636333331,24.628000000000000
1682752259.791692972183228,31.760622140333332,117.183704812666662,24.628000000000000
1682752259.894479036331177,31.760620930000002,117.183705118166671,24.652000000000001
1682752259.988001108169556,31.760619733333332,117.183705295500005,24.652000000000001
1682752260.091164112091064,31.760618519000001,117.183705578000001,24.675999999999998
1682752260.194838047027588,31.760617348833332,117.183705758000002,24.675999999999998
1682752260.291379928588867,31.760616177833334,117.183706052333335,24.698000000000000
1682752260.391503095626831,31.760615077666667,117.183706217833333,24.698999999999998
1682752260.484795093536377,31.760613948000000,117.183706498999996,24.721999999999998
1682752260.584458112716675,31.760612842000000,117.183706663833334,24.724000000000000
1682752260.686885118484497,31.760611668500001,117.183706836166664,24.727000000000000
1682752260.790096044540405,31.760610601000000,117.183707109500006,24.750000000000000
1682752260.892816066741943,31.760609370499999,117.183707398666670,24.774999999999999
1682752260.986699104309082,31.760608155166668,117.183707574333340,24.780000000000001
1682752261.097796916961670,31.760606842833333,117.183707855166674,24.806000000000001
1682752261.194458007812500,31.760605552000001,117.183708050333337,24.811000000000000
1682752261.292423963546753,31.760604279333332,117.183708316500002,24.834000000000000
1682752261.392215013504028,31.760603060166666,117.183708496333338,24.837000000000000
1682752261.494533061981201,31.760601811499999,117.183708748166666,24.858999999999998
1682752261.588123083114624,31.760600543833334,117.183708870333334,24.863000000000000
1682752261.691338062286377,31.760599264500001,117.183709007833329,24.867000000000001
1682752261.794503927230835,31.760598031499999,117.183709263166662,24.888999999999999
1682752261.888098955154419,31.760596735666667,117.183709464499998,24.910000000000000
1682752261.991332054138184,31.760595438999999,117.183709553666674,24.914999999999999
1682752262.094614028930664,31.760594135166667,117.183709741833340,24.936000000000000
1682752262.188146114349365,31.760592841833333,117.183709795333328,24.940000000000001
1682752262.291311979293823,31.760591584499998,117.183709886833327,24.960000000000001
1682752262.385828018188477,31.760590297499999,117.183709888333340,24.963999999999999
1682752262.489804983139038,31.760589051499998,117.183709852000007,24.983999999999998
1682752262.592892885208130,31.760587754500001,117.183709718833327,24.988000000000000
1682752262.789915084838867,31.760585245333335,117.183709277999995,25.010999999999999
1682752262.892996072769165,31.760584002333335,117.183708976666665,25.030000000000001
1682752262.986615896224976,31.760582748499999,117.183708485833336,25.035000000000000
1682752263.090018033981323,31.760581531000000,117.183708039833334,25.065999999999999
1682752263.193007946014404,31.760580357999999,117.183707546333338,25.070000000000000
1682752263.290016889572144,31.760579253666666,117.183707057333336,25.102999999999998
1682752263.389796972274780,31.760578082333332,117.183706408166671,25.106999999999999
1682752263.493038892745972,31.760576974666666,117.183705828833340,25.141999999999999
1682752263.586786031723022,31.760575879666668,117.183705092500006,25.145000000000000
1682752263.689879894256592,31.760574776833334,117.183704309000007,25.149999999999999
1682752263.785907983779907,31.760573730833332,117.183703543166672,25.193999999999999
1682752263.889899969100952,31.760572750500000,117.183702769333337,25.239000000000001
1682752263.993470907211304,31.760571795333334,117.183701842166670,25.242999999999999
1682752264.094584941864014,31.760570858666668,117.183700973499995,25.289999999999999
1682752264.191534042358398,31.760569925666665,117.183699963833334,25.294999999999998
1682752264.294730901718140,31.760569066999999,117.183698989333337,25.341999999999999
1682752264.388299942016602,31.760568222833335,117.183697848500003,25.347999999999999
1682752264.491493940353394,31.760567337833333,117.183696764499999,25.396999999999998
1682752264.594728946685791,31.760566566500000,117.183695562500006,25.402999999999999
1682752264.688368082046509,31.760565813833335,117.183694335833337,25.408000000000001
1682752264.791650056838989,31.760565137166665,117.183693191166668,25.456000000000000
1682752264.894634962081909,31.760564499000001,117.183692064166664,25.494000000000000
1682752264.990611076354980,31.760563789500001,117.183690776999995,25.498999999999999
1682752265.091512918472290,31.760563177166667,117.183689653166667,25.535999999999998
1682752265.194807052612305,31.760562602333334,117.183688386666660,25.539999999999999
1682752265.291652917861938,31.760562121500001,117.183687238999994,25.577999999999999
1682752265.391618967056274,31.760561525333333,117.183685939499995,25.582999999999998
1682752265.494805097579956,31.760561019666667,117.183684766499994,25.620000000000001
1682752265.588376045227051,31.760560516833333,117.183683482999996,25.625000000000000
1682752265.691581964492798,31.760559958833333,117.183682188333336,25.629999999999999
1682752265.786811113357544,31.760559423833332,117.183681029833338,25.669000000000000
1682752265.893264055252075,31.760558842833333,117.183679852166662,25.707000000000001
1682752265.993853092193604,31.760558257333333,117.183678553500002,25.713000000000001
1682752266.094710111618042,31.760557691500001,117.183677428666670,25.748999999999999
1682752266.191617965698242,31.760557125500000,117.183676129500000,25.754999999999999
1682752266.294879913330078,31.760556573333332,117.183674931333329,25.794000000000000
1682752266.388683080673218,31.760556012999999,117.183673553333335,25.800000000000001
1682752266.491689920425415,31.760555489666668,117.183672313333332,25.837000000000000
1682752266.594808101654053,31.760555016333335,117.183670912166662,25.841999999999999
1682752266.688426017761230,31.760554602500001,117.183669503666664,25.846000000000000
1682752266.791717052459717,31.760554196666668,117.183668207500006,25.882999999999999
1682752266.894792079925537,31.760553931666667,117.183666967500002,25.919000000000000
1682752266.988472938537598,31.760553698999999,117.183665677833332,25.919999999999998
1682752267.099378108978271,31.760553644500000,117.183664721666673,25.954999999999998
1682752267.195295095443726,31.760553628333334,117.183664091166662,25.957000000000001
1682752267.301645994186401,31.760553648333332,117.183664375333336,25.989000000000001
1682752267.396917104721069,31.760553665166668,117.183664555833332,25.984999999999999
1682752267.503289937973022,31.760553880000000,117.183664687333334,26.020000000000000
1682752267.600116014480591,31.760553873666666,117.183664721333329,26.018000000000001
1682752267.695451021194458,31.760553929166665,117.183664680166672,26.018000000000001
1682752267.801827907562256,31.760554045999999,117.183664956166666,26.050999999999998
1682752267.900219917297363,31.760554044500001,117.183665012666665,26.088000000000001
1682752267.993279933929443,31.760554091666666,117.183665044166673,26.087000000000000
1682752268.094784021377563,31.760554022499999,117.183664817999997,26.123999999999999
1682752268.191797971725464,31.760554028500000,117.183664308166669,26.126000000000001
1682752268.294948101043701,31.760554118166667,117.183663893166667,26.163000000000000
1682752268.388559103012085,31.760554106166666,117.183663276166669,26.163999999999998
1682752268.495045900344849,31.760554088500001,117.183662549166669,26.202999999999999
1682752268.594949960708618,31.760554142000000,117.183661699833337,26.204999999999998
1682752268.688626050949097,31.760554197499999,117.183660745833336,26.206000000000000
1682752268.791811943054199,31.760554345833334,117.183659826666670,26.244000000000000
1682752268.890642881393433,31.760554531000000,117.183658798166661,26.303999999999998
1682752268.990236997604370,31.760554767166667,117.183657596666663,26.305000000000000
1682752269.101161003112793,31.760555099666668,117.183656395666674,26.363000000000000
1682752269.197807073593140,31.760555464166668,117.183655004333332,26.364999999999998
1682752269.296787023544312,31.760555971500001,117.183653707333335,26.422000000000001
1682752269.387085914611816,31.760556538166668,117.183652312999996,26.423999999999999
1682752269.493490934371948,31.760557195000001,117.183651063166664,26.480000000000000
1682752269.595071077346802,31.760557871500001,117.183649756833333,26.480999999999998
1682752269.689078092575073,31.760558588666665,117.183648456166665,26.483000000000001
1682752269.791865110397339,31.760559384166665,117.183647345500006,26.536999999999999
1682752269.895131111145020,31.760560239000000,117.183646190666664,26.591000000000001
1682752269.988681077957153,31.760561021166666,117.183644303500003,26.594999999999999
1682752270.091859102249146,31.760561872833332,117.183643019666661,26.649000000000001
1682752270.187264919281006,31.760562700500000,117.183641638166662,26.649999999999999
1682752270.290412902832031,31.760563551166666,117.183640525499996,26.702999999999999
1682752270.393465995788574,31.760564360833332,117.183639331333339,26.704999999999998
1682752270.487267017364502,31.760565270166666,117.183638256500004,26.756999999999998
1682752270.590472936630249,31.760566091166666,117.183637056500004,26.757999999999999
1682752270.693588018417358,31.760566926833334,117.183635861833338,26.759999999999998
1682752270.788784980773926,31.760567829666666,117.183634827000006,26.811000000000000
1682752270.892040967941284,31.760568685833334,117.183633763666663,26.861000000000001
1682752270.995137929916382,31.760569529333335,117.183632568666667,26.861999999999998
1682752271.098803997039795,31.760570429833333,117.183631575333337,26.910999999999998
1682752271.195080041885376,31.760571262166668,117.183630391666668,26.911999999999999
1682752271.288893938064575,31.760572179166665,117.183629417333336,26.959000000000000
1682752271.383476972579956,31.760573057666665,117.183628288833333,26.960000000000001
1682752271.483612060546875,31.760573985166666,117.183627302999994,27.009000000000000
1682752271.583504915237427,31.760574880166665,117.183626194333328,27.009999999999998
1682752271.695245981216431,31.760575831499999,117.183625115666672,27.010999999999999
1682752271.788850069046021,31.760576799999999,117.183624181666673,27.058000000000000
1682752271.893812894821167,31.760577782999999,117.183623323166671,27.105000000000000
1682752271.987509012222290,31.760578767999998,117.183622294333333,27.106999999999999
1682752272.090794086456299,31.760579777666667,117.183621440500005,27.152999999999999
1682752272.193869113922119,31.760580754833335,117.183620410333333,27.154000000000000
1682752272.291069030761719,31.760581795000000,117.183619608833339,27.199999999999999
1682752272.390553951263428,31.760582815666666,117.183618633833333,27.201000000000001
1682752272.495284080505371,31.760583841833334,117.183617917999996,27.245999999999999
1682752272.588973999023438,31.760584893166666,117.183616985166665,27.248000000000001
1682752272.692061901092529,31.760585935666668,117.183616098166667,27.248999999999999
1682752272.795347929000854,31.760586987000000,117.183615405166663,27.294000000000000
1682752272.892240047454834,31.760588050166668,117.183614730833327,27.339000000000002
1682752272.992163896560669,31.760589102333334,117.183613842499994,27.340000000000000
1682752273.093638896942139,31.760590151666666,117.183613136166670,27.383999999999997
1682752273.192334890365601,31.760591182500001,117.183612245500001,27.385999999999999
1682752273.295372962951660,31.760592268333333,117.183611541999994,27.429999999999996
1682752273.389036893844604,31.760593297166668,117.183610631333337,27.431000000000001
1682752273.492141962051392,31.760594354999999,117.183609939500002,27.473000000000003
1682752273.595355033874512,31.760595392999999,117.183609058666661,27.474000000000000
1682752273.688941001892090,31.760596432166668,117.183608134166661,27.476000000000003
1682752273.794066905975342,31.760597518333334,117.183607353166664,27.520000000000000
1682752273.890809059143066,31.760598587666667,117.183606641833336,27.562000000000001
1682752273.990633964538574,31.760599635833334,117.183605722333340,27.562999999999999
1682752274.093780994415283,31.760600705500000,117.183604954166668,27.605999999999998
1682752274.187473058700562,31.760601751500001,117.183603993000006,27.608000000000001
1682752274.285517930984497,31.760602794166665,117.183603236666670,27.650000000000002
1682752274.383965015411377,31.760603850166667,117.183602293666667,27.651000000000000
1682752274.483777046203613,31.760604913333335,117.183601503000006,27.691999999999997
1682752274.583789110183716,31.760605967499998,117.183600564000002,27.693999999999999
1682752274.695298910140991,31.760607023166667,117.183599629833338,27.694999999999997
1682752274.789069890975952,31.760608100666666,117.183598803166660,27.736000000000001
1682752274.893798112869263,31.760609151666667,117.183598046333330,27.775000000000002
1682752274.989016056060791,31.760610200833334,117.183597047833331,27.776999999999997
1682752275.100076913833618,31.760611234333332,117.183596272499997,27.815000000000001
1682752275.196038007736206,31.760612274666666,117.183595313500007,27.815999999999999
1682752275.295629978179932,31.760613331999998,117.183594446166666,27.855000000000000
1682752275.395477056503296,31.760614396000001,117.183593470833330,27.857000000000003
1682752275.492317914962769,31.760615459333334,117.183592728666667,27.895999999999997
1682752275.583803892135620,31.760616567666666,117.183591615166662,27.898999999999997
1682752275.695460081100464,31.760617631500001,117.183590611833338,27.901000000000000
1682752275.789087057113647,31.760618632333333,117.183589871666669,27.937999999999999
1682752275.895528078079224,31.760619704000000,117.183588905999997,27.976000000000003
1682752275.995426893234253,31.760620749166666,117.183587894333328,27.977000000000000
1682752276.096910953521729,31.760621769166665,117.183587056833332,28.013999999999999
1682752276.193866968154907,31.760622814500000,117.183586022333330,28.016000000000002
1682752276.292498111724854,31.760623814999999,117.183585210833328,28.051999999999996
1682752276.392366886138916,31.760624848833334,117.183584232166666,28.053999999999998
1682752276.495492935180664,31.760625860333334,117.183583398666670,28.090000000000000
1682752276.589205026626587,31.760626903333332,117.183582381666668,28.092000000000002
1682752276.692219018936157,31.760627937999999,117.183581359666661,28.093000000000000
1682752276.795543909072876,31.760628947833332,117.183580494333327,28.129000000000001
1682752276.890702962875366,31.760629939333334,117.183579656333336,28.165000000000003
1682752276.994283914566040,31.760630966499999,117.183578633333340,28.166000000000000
1682752277.097532033920288,31.760631930666666,117.183577840833337,28.200999999999997
1682752277.193958044052124,31.760632955999998,117.183576864666662,28.202999999999999
1682752277.289489984512329,31.760633960000000,117.183575998333339,28.236999999999998
1682752277.390813112258911,31.760635005666668,117.183574984166668,28.239999999999998
1682752277.493879079818726,31.760635981666667,117.183574147166667,28.273000000000000
1682752277.589322090148926,31.760637040999999,117.183573046666666,28.276000000000000
1682752277.795550107955933,31.760639069500002,117.183571188499997,28.310999999999996
1682752277.889291048049927,31.760640035500000,117.183570328833326,28.342000000000002
1682752277.992379903793335,31.760641070166667,117.183569329333338,28.343999999999998
1682752278.095485925674438,31.760642001000001,117.183568547166672,28.374999999999996
1682752278.189165115356445,31.760643054333332,117.183567483666664,28.377999999999997
1682752278.294059038162231,31.760643952833334,117.183566712666661,28.407000000000000
1682752278.387686014175415,31.760644998333333,117.183565673999993,28.410000000000000
1682752278.490888118743896,31.760645959333335,117.183564824499996,28.440999999999999
1682752278.594019889831543,31.760647016666667,117.183563745499995,28.443000000000001
1682752278.687817096710205,31.760648079333333,117.183562691666666,28.446999999999999
1682752278.790801048278809,31.760649025999999,117.183561852833336,28.474000000000000
1682752278.895591020584106,31.760649988499999,117.183560938166664,28.501000000000001
1682752278.989243030548096,31.760651019333334,117.183559938499997,28.502999999999997
1682752279.092520952224731,31.760651955333334,117.183559111166673,28.531000000000002
1682752279.195627927780151,31.760653012500001,117.183558000333335,28.532999999999998
1682752279.292553901672363,31.760653915166667,117.183557196833334,28.560999999999996
1682752279.392643928527832,31.760654955666666,117.183556159333335,28.562999999999999
1682752279.489414930343628,31.760655870000001,117.183555315500001,28.590999999999998
1682752279.582478046417236,31.760656913500000,117.183554270166667,28.593000000000000
1682752279.694089889526367,31.760657955166668,117.183553201333339,28.595000000000002
1682752279.787832975387573,31.760658898666666,117.183552332833330,28.623000000000001
1682752279.891040086746216,31.760659835833334,117.183551491000003,28.651000000000000
1682752279.994079113006592,31.760660877500001,117.183550421666666,28.653000000000002
1682752280.095521926879883,31.760661788000000,117.183549593166660,28.679999999999996
1682752280.195657968521118,31.760662824666667,117.183548540000004,28.682999999999996
1682752280.292653083801270,31.760663678499998,117.183547739999995,28.709999999999997
1682752280.393297910690308,31.760664705166668,117.183546702166666,28.712000000000000
1682752280.495692014694214,31.760665625166666,117.183545842833340,28.739999999999998
1682752280.589436054229736,31.760666670999999,117.183544766500006,28.742999999999999
1682752280.692491054534912,31.760667711833335,117.183543724499998,28.745000000000001
1682752280.796022891998291,31.760668587833333,117.183542934833326,28.773000000000000
1682752280.894334077835083,31.760669486000001,117.183542111833333,28.800999999999998
1682752280.994091033935547,31.760670535999999,117.183541066999993,28.803000000000001
1682752281.095619916915894,31.760671409333334,117.183540246000007,28.831000000000000
1682752281.192569017410278,31.760672451500000,117.183539183999997,28.833000000000002
1682752281.296087026596069,31.760673321500001,117.183538390999999,28.860000000000003
1682752281.389440059661865,31.760674349999999,117.183537322333336,28.861999999999998
1682752281.492623090744019,31.760675228333334,117.183536481000004,28.888000000000002
1682752281.587855100631714,31.760676243166667,117.183535485666667,28.889999999999997
1682752281.692660093307495,31.760677272166667,117.183534467833340,28.891000000000002
1682752281.795819044113159,31.760677965333333,117.183533822333331,28.916999999999998
1682752281.892800092697144,31.760678768833333,117.183533100333335,28.943999999999999
1682752281.992609977722168,31.760679538000002,117.183532278833340,28.944999999999997
1682752282.095782995223999,31.760679460333332,117.183532451666665,28.970000000000002
1682752282.189644098281860,31.760679363333335,117.183532521666663,28.968000000000000
1682752282.295799970626831,31.760679807333332,117.183532116500004,28.993999999999996
1682752282.389540910720825,31.760679953000000,117.183531995166661,28.992999999999999
1682752282.495894908905029,31.760679474500002,117.183532537666665,29.016999999999999
1682752282.595832109451294,31.760679524166665,117.183532477333330,29.016000000000002
1682752282.689578056335449,31.760679577666668,117.183532435499998,29.014999999999997
1682752282.792865037918091,31.760679806166667,117.183532253666669,29.040000000000003
1682752282.891239881515503,31.760680131000001,117.183531988333328,29.062999999999999
1682752282.992794036865234,31.760680406666665,117.183531685999995,29.063999999999997
1682752283.096740961074829,31.760680470499999,117.183531702500005,29.089000000000002
1682752283.183949947357178,31.760680914500000,117.183531273166665,29.090000000000000
1682752283.284512042999268,31.760681515666668,117.183530709999999,29.114000000000001
1682752283.381144046783447,31.760682022499999,117.183530199166668,29.114999999999998
1682752283.482774972915649,31.760682693833335,117.183529597833328,29.139999999999997
1682752283.582802057266235,31.760683379500001,117.183528898999995,29.141000000000002
1682752283.694324970245361,31.760684093500000,117.183528170000002,29.141999999999999
1682752283.787983894348145,31.760684921999999,117.183527409166672,29.166999999999998
1682752283.891284942626953,31.760685793166665,117.183526597666670,29.191999999999997
1682752283.994338989257812,31.760686715166667,117.183525670500003,29.193000000000001
1682752284.099612951278687,31.760687806166665,117.183524659833338,29.218000000000000
1682752284.195964097976685,31.760688844166665,117.183523614833334,29.221000000000000
1682752284.289625883102417,31.760689845999998,117.183522652333338,29.245000000000001
1682752284.392807960510254,31.760690877333332,117.183521633500007,29.246999999999996
1682752284.495949983596802,31.760691912333332,117.183520646000005,29.269000000000002
1682752284.589667081832886,31.760692917833332,117.183519626666666,29.272000000000002
1682752284.684504985809326,31.760693898333333,117.183518639666673,29.273000000000000
1682752284.786201953887939,31.760694804166668,117.183517793166672,29.296000000000003
1682752284.885955095291138,31.760695753333334,117.183516870666665,29.318000000000001
1682752284.985977888107300,31.760696765166667,117.183515842500000,29.319999999999997
1682752285.086002111434937,31.760697767000000,117.183514885500003,29.342000000000002
1682752285.186005115509033,31.760698775000002,117.183513860666665,29.343999999999998
1682752285.281476974487305,31.760699849500000,117.183512829666668,29.364999999999998
1682752285.381294965744019,31.760700852666666,117.183511825500005,29.365999999999996
1682752285.482997894287109,31.760701809333334,117.183510896166666,29.385999999999999
1682752285.582885026931763,31.760702804499999,117.183509890500005,29.386999999999997
1682752285.694497108459473,31.760703791666668,117.183508892833331,29.388999999999999
1682752285.788153886795044,31.760704759833335,117.183507955333340,29.407000000000000
1682752285.891266107559204,31.760705764166666,117.183507000166671,29.425000000000001
1682752285.986689090728760,31.760706779166668,117.183505966666672,29.426999999999996
1682752286.091419935226440,31.760707711999999,117.183505064833327,29.444999999999997
1682752286.194503068923950,31.760708714166668,117.183504052499998,29.446999999999999
1682752286.291543960571289,31.760709690500001,117.183503086333332,29.464000000000002
1682752286.391305923461914,31.760710697666667,117.183502062333332,29.465999999999998
1682752286.489917039871216,31.760711635000000,117.183501163000003,29.480999999999998
1682752286.591315031051636,31.760712621333333,117.183500159166670,29.483000000000001
1682752286.694644927978516,31.760713611833332,117.183499155500002,29.485000000000003
1682752286.788140058517456,31.760714555166668,117.183498241833334,29.498999999999995
1682752286.891472101211548,31.760715490500001,117.183497321999994,29.513999999999996
1682752286.994544982910156,31.760716478666666,117.183496293499999,29.515999999999998
1682752287.097651958465576,31.760717459999999,117.183495337333326,29.525999999999996
1682752287.196096897125244,31.760718448999999,117.183494312833332,29.527999999999999
1682752287.293109893798828,31.760719395500001,117.183493367333327,29.539000000000001
1682752287.393017053604126,31.760720380500000,117.183492350500003,29.540999999999997
1682752287.496165990829468,31.760721342166665,117.183491406833340,29.549999999999997
1682752287.589865922927856,31.760722323000000,117.183490381333328,29.552000000000000
1682752287.693176984786987,31.760723323000001,117.183489358333333,29.555000000000000
1682752287.788269042968750,31.760724276166666,117.183488405999995,29.564000000000000
1682752287.894798994064331,31.760725187833334,117.183487479500002,29.571999999999996
1682752287.995013952255249,31.760726179833334,117.183486463333338,29.573999999999998
1682752288.096102952957153,31.760727139833332,117.183485501500002,29.582000000000001
1682752288.193037033081055,31.760728138333334,117.183484451333328,29.583999999999996
1682752288.296241998672485,31.760729068166668,117.183483517333329,29.591000000000001
1682752288.391454935073853,31.760730044333332,117.183482495000007,29.592999999999996
1682752288.496234893798828,31.760730978500000,117.183481553833332,29.600999999999999
1682752288.589900016784668,31.760731966833333,117.183480535666661,29.603000000000002
1682752288.693272113800049,31.760732954166667,117.183479488833328,29.606000000000002
1682752288.796252012252808,31.760733837000000,117.183478582666666,29.611999999999995
1682752288.893266916275024,31.760734794000001,117.183477624000005,29.619000000000000
1682752288.986289024353027,31.760735763333333,117.183476591499996,29.620999999999995
1682752289.087779998779297,31.760736698999999,117.183475620500005,29.626999999999995
1682752289.191543102264404,31.760737670499999,117.183474601333330,29.628999999999998
1682752289.294792890548706,31.760738630666665,117.183473625000005,29.634999999999998
1682752289.388375997543335,31.760739605000001,117.183472596499996,29.637000000000000
1682752289.494890928268433,31.760740543499999,117.183471648999998,29.643000000000001
1682752289.586314916610718,31.760741527499999,117.183470612833332,29.644999999999996
1682752289.680033922195435,31.760742498999999,117.183469566499994,29.646999999999998
1682752289.780036926269531,31.760743410333333,117.183468633666664,29.652000000000001
1682752289.883285045623779,31.760744351000000,117.183467663499997,29.655999999999999
1682752289.979990959167480,31.760745323833333,117.183466598333339,29.658000000000001
1682752290.087786912918091,31.760746216833333,117.183465694833330,29.661000000000001
1682752290.191572904586792,31.760747184166668,117.183464687333327,29.662999999999997
1682752290.290144920349121,31.760748055666667,117.183463769166664,29.667000000000002
1682752290.391541004180908,31.760749024666666,117.183462758000005,29.668999999999997
1682752290.494884967803955,31.760749926999999,117.183461799333330,29.671999999999997
1682752290.588478088378906,31.760750873333333,117.183460732499995,29.673999999999999
1682752290.691625118255615,31.760751847500000,117.183459710999998,29.675999999999995
1682752290.794867038726807,31.760752783000001,117.183458733999998,29.678999999999995
1682752290.891789913177490,31.760753636333334,117.183457817666664,29.681999999999995
1682752290.984782934188843,31.760754596166667,117.183456827666660,29.683000000000000
1682752291.092688083648682,31.760755498500000,117.183455888333327,29.684999999999995
1682752291.196422100067139,31.760756444833333,117.183454861499996,29.686999999999998
1682752291.293325901031494,31.760757299000002,117.183453995999997,29.689999999999998
1682752291.393289089202881,31.760758242666668,117.183452978500000,29.692000000000000
1682752291.496382951736450,31.760759210000000,117.183451959166661,29.693999999999996
1682752291.591691017150879,31.760760187666666,117.183450949666664,29.696999999999996
1682752291.687097072601318,31.760761133166667,117.183449916166666,29.698000000000000
1682752291.791670083999634,31.760761888166666,117.183449106333327,29.699999999999996
1682752291.988568067550659,31.760763742000002,117.183447165833329,29.704000000000001
1682752292.091801881790161,31.760764649666665,117.183446228500003,29.704999999999998
1682752292.194854974746704,31.760765606166668,117.183445256166664,29.707999999999998
1682752292.290127038955688,31.760766481333334,117.183444282166661,29.707999999999998
1682752292.386485099792480,31.760767433833333,117.183443243499994,29.710000000000001
1682752292.486502885818481,31.760768333166666,117.183442324666672,29.710999999999999
1682752292.586469888687134,31.760769245666665,117.183441301499997,29.713000000000001
1682752292.688529968261719,31.760770200000000,117.183440279166661,29.714999999999996
1682752292.781785011291504,31.760771135666666,117.183439341833335,29.716000000000001
1682752292.881890058517456,31.760772019666668,117.183438364833336,29.716999999999999
1682752292.984946012496948,31.760772950666667,117.183437337499996,29.719000000000001
1682752293.096472978591919,31.760773843833334,117.183436421333340,29.719999999999999
1682752293.190263032913208,31.760774794333333,117.183435410833340,29.722000000000001
1682752293.293400049209595,31.760775714333334,117.183434492666663,29.722999999999999
1682752293.396548032760620,31.760776725833335,117.183433540333340,29.725999999999999
1682752293.490225076675415,31.760777717333333,117.183432628999995,29.726999999999997
1682752293.593425035476685,31.760778747333333,117.183431700666674,29.728999999999999
1682752293.689564943313599,31.760779875666667,117.183430789333329,29.731999999999999
1682752293.793587923049927,31.760780921500000,117.183429999666672,29.731000000000002
1682752293.896667957305908,31.760781957666666,117.183429239500001,29.729999999999997
1682752293.990391969680786,31.760783072999999,117.183428463333328,29.731000000000002
1682752294.095082998275757,31.760784152500001,117.183427753166669,29.728999999999999
1682752294.190455913543701,31.760785313833335,117.183427050500001,29.729999999999997
1682752294.293467998504639,31.760786424166668,117.183426471999994,29.726999999999997
1682752294.396804094314575,31.760787477333334,117.183425827833332,29.728000000000002
1682752294.493637084960938,31.760788521500000,117.183425351833336,29.725999999999999
1682752294.584955930709839,31.760789628000001,117.183424803999998,29.729999999999997
1682752294.686645030975342,31.760790706000002,117.183424221500005,29.734999999999999
1682752294.787969112396240,31.760791852833332,117.183423864833330,29.734999999999999
1682752294.886653900146484,31.760793160500000,117.183423401166664,29.734999999999999
1682752294.986696004867554,31.760794365166667,117.183422934166671,29.739999999999995
1682752295.096667051315308,31.760795418000001,117.183422634666670,29.736999999999995
1682752295.190356969833374,31.760796369666668,117.183422311499996,29.739999999999995
1682752295.296674966812134,31.760796274000000,117.183422797999995,29.731999999999999
1682752295.390304088592529,31.760795009833334,117.183424108500006,29.728999999999999
1682752295.493504047393799,31.760795010500001,117.183423951333339,29.719000000000001
1682752295.596733093261719,31.760794789166667,117.183424296666672,29.716000000000001
1682752295.690427064895630,31.760794600166665,117.183424432833334,29.714999999999996
1682752295.785268068313599,31.760794477499999,117.183424509833330,29.704999999999998
1682752295.887186050415039,31.760794205666667,117.183424683499993,29.693999999999996
1682752295.986718893051147,31.760794189333332,117.183424661499998,29.692000000000000
1682752296.086800098419189,31.760794181000001,117.183424607666666,29.680000000000000
1682752296.186734914779663,31.760794452166667,117.183424475666669,29.680000000000000
1682752296.286829948425293,31.760794820833333,117.183424382333328,29.670999999999999
1682752296.378848075866699,31.760795294333334,117.183424246166666,29.671999999999997
1682752296.485250949859619,31.760795767333335,117.183424111999997,29.661999999999999
1682752296.583627939224243,31.760796365333334,117.183424026333327,29.662999999999997
1682752296.695282936096191,31.760797104500000,117.183423943500003,29.664999999999999
1682752296.788863897323608,31.760797833333335,117.183423877333340,29.656999999999996
1682752296.895418882369995,31.760798639333334,117.183423871499997,29.649999999999999
1682752296.986800909042358,31.760799581666667,117.183423897333327,29.652000000000001
1682752297.088341951370239,31.760800577333335,117.183423992666661,29.644999999999996
1682752297.192800998687744,31.760801689333334,117.183424177333336,29.649000000000001
1682752297.295154094696045,31.760802873666666,117.183424402499995,29.643000000000001
1682752297.388911008834839,31.760804078833335,117.183424805666661,29.646999999999998
1682752297.495352029800415,31.760805271500001,117.183425313333331,29.640999999999998
1682752297.595197916030884,31.760806452333334,117.183425829000001,29.643999999999998
1682752297.690473079681396,31.760807592166667,117.183426478000001,29.647999999999996
1682752297.796931028366089,31.760808586833335,117.183427276000003,29.640999999999998
1682752297.894650936126709,31.760809631499999,117.183427993500004,29.634000000000000
1682752297.993730068206787,31.760810678166667,117.183428817999996,29.637000000000000
1682752298.096796035766602,31.760811638000000,117.183429703666661,29.628999999999998
1682752298.190511941909790,31.760812610666665,117.183430576333336,29.631000000000000
1682752298.296998977661133,31.760813516833334,117.183431537833329,29.625000000000000
1682752298.388964891433716,31.760814483499999,117.183432526333334,29.626999999999995
1682752298.497028112411499,31.760815530166667,117.183433383666667,29.619999999999997
1682752298.596892118453979,31.760817132333333,117.183433950333338,29.623999999999995
1682752298.690797090530396,31.760818465833335,117.183434765000001,29.628000000000000
1682752298.793874979019165,31.760819370666667,117.183435788500006,29.620999999999995
1682752298.896938085556030,31.760820286666668,117.183436793166663,29.613999999999997
1682752298.992189884185791,31.760821264666667,117.183437787833327,29.617999999999995
1682752299.095217943191528,31.760822064999999,117.183438801166673,29.609999999999999
1682752299.194084882736206,31.760822989499999,117.183439815666674,29.613000000000000
1682752299.296936035156250,31.760823789000000,117.183440906666661,29.606000000000002
1682752299.390615940093994,31.760824657666667,117.183441995166660,29.609000000000002
1682752299.493797063827515,31.760825408833334,117.183443087000001,29.601999999999997
1682752299.588047981262207,31.760826182666666,117.183444216666672,29.604999999999997
1682752299.683860063552856,31.760826947333335,117.183445363999994,29.607999999999997
1682752299.786382913589478,31.760827682999999,117.183446563166669,29.601999999999997
1682752299.885377883911133,31.760828404000002,117.183447757166661,29.595999999999997
1682752299.985456943511963,31.760829155500002,117.183448913500001,29.597999999999999
1682752300.085357904434204,31.760829869833334,117.183450121333337,29.592999999999996
1682752300.185446023941040,31.760830608666666,117.183451315499994,29.595999999999997
1682752300.282407999038696,31.760831305833335,117.183452527166665,29.589999999999996
1682752300.382304906845093,31.760832036000000,117.183453757666669,29.592999999999996
1682752300.483871936798096,31.760832714500001,117.183454959499997,29.585999999999999
1682752300.583897113800049,31.760833411333333,117.183456173166661,29.588999999999999
1682752300.695398092269897,31.760834105833332,117.183457417333329,29.591999999999999
1682752300.789278984069824,31.760834773500001,117.183458627666667,29.585999999999999
1682752300.892276048660278,31.760835438666668,117.183459821666673,29.579999999999998
1682752300.987590074539185,31.760836106166668,117.183461038499999,29.583999999999996
1682752301.093960046768188,31.760836757333333,117.183462232500005,29.577999999999996
1682752301.197026014328003,31.760837480166668,117.183463414000002,29.582000000000001
1682752301.290791034698486,31.760838151833333,117.183464623333336,29.576000000000001
1682752301.393996953964233,31.760838848999999,117.183465841833339,29.579999999999998
1682752301.497086048126221,31.760839515666667,117.183467060333328,29.573999999999998
1682752301.590791940689087,31.760840217666665,117.183468293666664,29.577999999999996
1682752301.687120914459229,31.760840920333333,117.183469494333337,29.580999999999996
1682752301.780811071395874,31.760841581833333,117.183470677666662,29.574999999999996
1682752301.884186983108521,31.760842254333333,117.183471896166665,29.570999999999998
1682752301.980807065963745,31.760842940166668,117.183473157999998,29.574999999999996
1682752302.090230941772461,31.760843638000001,117.183474355000001,29.568999999999996
1682752302.187174081802368,31.760844368666667,117.183475560999995,29.573000000000000
1682752302.284192085266113,31.760845083666666,117.183476767000002,29.567999999999998
1682752302.380786895751953,31.760845780333334,117.183478007833330,29.570999999999998
1682752302.484086990356445,31.760846495333332,117.183479163499996,29.564000000000000
1682752302.580843925476074,31.760847207166666,117.183480345999996,29.567000000000000
1682752302.692429065704346,31.760847948500000,117.183481516666660,29.570000000000000
1682752302.787123918533325,31.760848693333333,117.183482639499999,29.562999999999995
1682752302.884777069091797,31.760849390333334,117.183483809166660,29.558000000000000
1682752302.982578992843628,31.760850111166668,117.183484981999996,29.561000000000000
1682752303.090248107910156,31.760850860166666,117.183486149833328,29.555000000000000
1682752303.194084882736206,31.760851547333335,117.183487370833333,29.558000000000000
1682752303.297235965728760,31.760852239999998,117.183488562500003,29.552000000000000
1682752303.392651081085205,31.760853011333332,117.183489717666660,29.555000000000000
1682752303.491033077239990,31.760853685000001,117.183490889666672,29.548000000000002
1682752303.592478990554810,31.760854394500001,117.183492061500004,29.552000000000000
1682752303.695679903030396,31.760855148333334,117.183493197333334,29.553999999999995
1682752303.789455890655518,31.760855831166666,117.183494375666669,29.548000000000002
1682752303.895777940750122,31.760856528833333,117.183495512166672,29.542999999999999
1682752303.987526893615723,31.760857325499998,117.183496658833334,29.545999999999999
1682752304.088794946670532,31.760858016166665,117.183497837000004,29.540999999999997
1682752304.194092988967896,31.760858649166668,117.183499065833331,29.543999999999997
1682752304.297271966934204,31.760859536000002,117.183500183166672,29.539999999999999
1682752304.390959978103638,31.760860324999999,117.183501339666662,29.542999999999999
1682752304.494049072265625,31.760861096333333,117.183502489000006,29.536999999999999
1682752304.587791919708252,31.760861955833334,117.183503543499995,29.539999999999999
1682752304.684189081192017,31.760862605000000,117.183504756666665,29.542999999999999
1682752304.784277915954590,31.760863336500002,117.183505858833328,29.536000000000001
1682752304.887427091598511,31.760864173166667,117.183506951166663,29.530000000000001
1682752304.984227895736694,31.760864902166666,117.183508075666666,29.533000000000001
1682752305.085783958435059,31.760865745166665,117.183509162000007,29.527999999999999
1682752305.179670095443726,31.760866527000001,117.183510287833329,29.530999999999999
1682752305.284332036972046,31.760867251333334,117.183511414666668,29.524999999999999
1682752305.381006002426147,31.760868092166668,117.183512504333336,29.527999999999999
1682752305.484468936920166,31.760868886499999,117.183513622999996,29.524000000000001
1682752305.582796096801758,31.760869642666666,117.183514787000007,29.527000000000001
1682752305.685787916183472,31.760870477166666,117.183515903166665,29.530999999999999
1682752305.787384033203125,31.760871316999999,117.183517020833335,29.525999999999996
1682752305.887430906295776,31.760872110499999,117.183518176166672,29.521000000000001
1682752305.987405061721802,31.760872905999999,117.183519338833335,29.524000000000001
1682752306.097429990768433,31.760873707833333,117.183520498999997,29.518000000000001
1682752306.191278934478760,31.760874474166666,117.183521626666661,29.518999999999998
1682752306.297425985336304,31.760875309833335,117.183522728499995,29.512000000000000
1682752306.392693042755127,31.760876060499999,117.183523823666661,29.512999999999998
1682752306.499197959899902,31.760876843166667,117.183524922000004,29.506999999999998
1682752306.589498996734619,31.760877742333335,117.183526002999997,29.509999999999998
1682752306.692691087722778,31.760878531166668,117.183527100999996,29.512000000000000
1682752306.795888900756836,31.760879272166665,117.183528213666662,29.507000000000001
1682752306.891112089157104,31.760880063666665,117.183529324500000,29.501000000000001
1682752306.987461090087891,31.760880844333332,117.183530452833338,29.504000000000001
1682752307.089586973190308,31.760881599833333,117.183531541333338,29.496999999999996
1682752307.192790985107422,31.760882472833334,117.183532588000006,29.498999999999999
1682752307.295881032943726,31.760883243833334,117.183533714833331,29.492999999999999
1682752307.389539957046509,31.760883984333333,117.183534855000005,29.495000000000001
1682752307.494370937347412,31.760884786500000,117.183535915333337,29.487999999999996
1682752307.589603900909424,31.760885546333334,117.183537025500002,29.489999999999998
1682752307.785948991775513,31.760887159166668,117.183539138000000,29.485000000000003
1682752307.886006116867065,31.760887915333335,117.183540256499995,29.479000000000003
1682752307.985888004302979,31.760888775833333,117.183541344000005,29.480999999999998
1682752308.085994005203247,31.760889605333332,117.183542460833337,29.476000000000003
1682752308.187503099441528,31.760890384666666,117.183543595333333,29.479000000000003
1682752308.281208038330078,31.760891254333334,117.183544690833330,29.473000000000003
1682752308.384335994720459,31.760892054500001,117.183545819499997,29.476000000000003
1682752308.484340906143188,31.760892831833335,117.183546984666663,29.470000000000002
1682752308.584386110305786,31.760893749333334,117.183548066833339,29.473000000000003
1682752308.695941925048828,31.760894592500001,117.183549180166665,29.474999999999998
1682752308.791157007217407,31.760895399666666,117.183550245166671,29.468000000000000
1682752308.894432067871094,31.760896217333332,117.183551343666664,29.462000000000000
1682752308.989706039428711,31.760896911666666,117.183552427666669,29.462999999999997
1682752309.095963954925537,31.760897732499998,117.183553537666668,29.458000000000002
1682752309.189671039581299,31.760898569833333,117.183554583833327,29.459999999999997
1682752309.292937994003296,31.760899375166666,117.183555693499997,29.453999999999997
1682752309.396231889724731,31.760900222166665,117.183556798500007,29.456000000000000
1682752309.493037939071655,31.760901011833333,117.183557906999994,29.449000000000002
1682752309.586162090301514,31.760901805666666,117.183559032333335,29.452000000000002
1682752309.687652111053467,31.760902644666668,117.183560152333328,29.455000000000002
1682752309.787727117538452,31.760903489166665,117.183561279666662,29.449000000000002
1682752309.887590885162354,31.760904321333335,117.183562382666665,29.441999999999997
1682752309.987680912017822,31.760905160666667,117.183563500833330,29.444999999999997
1682752310.087636947631836,31.760905977333334,117.183564649499999,29.437999999999999
1682752310.184647083282471,31.760906797499999,117.183565787000006,29.440000000000001
1682752310.287739992141724,31.760907662666668,117.183566910333340,29.434000000000001
1682752310.387660980224609,31.760908472000001,117.183568007500000,29.434999999999999
1682752310.487865924835205,31.760909284666667,117.183569122666668,29.428000000000001
1682752310.587708950042725,31.760910116666668,117.183570199166667,29.429999999999996
1682752310.689825057983398,31.760910963166666,117.183571318000006,29.431000000000001
1682752310.794625997543335,31.760911797666665,117.183572416000004,29.424000000000003
1682752310.893090009689331,31.760912632166665,117.183573509499993,29.418000000000003
1682752310.986479997634888,31.760913424833333,117.183574610500003,29.419999999999998
1682752311.086335897445679,31.760914202166667,117.183575655333328,29.413000000000000
1682752311.186084032058716,31.760915032000000,117.183576720500000,29.416000000000000
1682752311.286170005798340,31.760915834833334,117.183577839166674,29.410000000000000
1682752311.386162996292114,31.760916634499999,117.183578985500006,29.413000000000000
1682752311.483160018920898,31.760917439499998,117.183580104666660,29.407000000000000
1682752311.583014965057373,31.760918187333335,117.183581270166670,29.410000000000000
1682752311.686333894729614,31.760918912833333,117.183582328333330,29.410999999999998
1682752311.786210060119629,31.760919693166667,117.183583382999998,29.404000000000000
1682752311.886188983917236,31.760920352833335,117.183584446500006,29.395999999999997
1682752311.986179113388062,31.760921008833332,117.183585499666663,29.398000000000000
1682752312.086342096328735,31.760921424166668,117.183586133000006,29.388999999999999
1682752312.179922103881836,31.760921643166668,117.183586571000006,29.385999999999999
1682752312.286425113677979,31.760921518833335,117.183586371166669,29.374999999999996
1682752312.383074045181274,31.760921346166668,117.183586088833337,29.374999999999996
1682752312.486402034759521,31.760921150000001,117.183585801666666,29.362999999999996
1682752312.583261966705322,31.760921078999999,117.183585744833337,29.361000000000001
1682752312.694684982299805,31.760920937166667,117.183585526166667,29.349000000000000
1682752312.790647029876709,31.760920884333334,117.183585453833331,29.346000000000000
1682752312.896272897720337,31.760920957666666,117.183585561000001,29.334999999999997
1682752312.991535902023315,31.760920923333334,117.183585513833336,29.331999999999997
1682752313.102619886398315,31.760921219499998,117.183585926000006,29.321000000000002
1682752313.198364973068237,31.760921492333335,117.183586391500000,29.321999999999999
1682752313.297956943511963,31.760921711333332,117.183586763833333,29.312000000000001
1682752313.388407945632935,31.760921990833332,117.183587172000003,29.310999999999996
1682752313.488080024719238,31.760922508666667,117.183587962999994,29.303000000000001
1682752313.587903022766113,31.760922950499999,117.183588675500005,29.303999999999998
1682752313.690231084823608,31.760923447833335,117.183589433333339,29.304999999999996
1682752313.794209003448486,31.760923993666665,117.183590259499994,29.297000000000001
1682752313.890234947204590,31.760924621499999,117.183591268166666,29.288000000000000
1682752313.987893104553223,31.760925297500002,117.183592249499995,29.291000000000000
1682752314.089452981948853,31.760926091833333,117.183593322833332,29.282999999999998
1682752314.186355113983154,31.760926821333335,117.183594416500000,29.285999999999998
1682752314.287971019744873,31.760927555999999,117.183595538333336,29.278000000000002
1682752314.380116939544678,31.760928380833334,117.183596602833333,29.281000000000002
1682752314.487905979156494,31.760929151666666,117.183597721166663,29.273999999999997
1682752314.587905883789062,31.760929822166666,117.183598756833334,29.275000000000002
1682752314.690064907073975,31.760930554166666,117.183599777666672,29.276999999999997
1682752314.796550989151001,31.760931379333332,117.183600974833340,29.267999999999997
1682752314.891602039337158,31.760932165166668,117.183602097666665,29.260000000000002
1682752314.996417045593262,31.760932972333332,117.183603185333340,29.260999999999999
1682752315.100097894668579,31.760933800166665,117.183604386666673,29.252999999999997
1682752315.196398019790649,31.760934529666667,117.183605504499994,29.254000000000001
1682752315.290106058120728,31.760935317500000,117.183606617999999,29.245000000000001
1682752315.384860038757324,31.760936071833335,117.183607696500005,29.245999999999999
1682752315.488013029098511,31.760936769833332,117.183608746666664,29.236000000000001
1682752315.581656932830811,31.760937528166668,117.183609848166668,29.236999999999998
1682752315.796530961990356,31.760939031333333,117.183612110166663,29.229000000000003
1682752315.887795925140381,31.760939878500000,117.183613331666663,29.218999999999998
1682752315.984873056411743,31.760940650166667,117.183614461999994,29.220000000000002
1682752316.088166952133179,31.760941453499999,117.183615711166667,29.209999999999997
1682752316.181803941726685,31.760942215000000,117.183616837166667,29.209999999999997
1682752316.281796932220459,31.760943027333333,117.183617944833330,29.199999999999999
1682752316.381788015365601,31.760943747833334,117.183619075333340,29.199999999999999
1682752316.481771945953369,31.760944486000000,117.183620202833339,29.188999999999997
1682752316.585064888000488,31.760945271666667,117.183621287500003,29.188999999999997
1682752316.686578989028931,31.760945967166666,117.183622348166665,29.187999999999999
1682752316.786523103713989,31.760946753500001,117.183623489833337,29.176999999999996
1682752316.886465072631836,31.760947563666665,117.183624646833337,29.166999999999998
1682752316.986495971679688,31.760948310666667,117.183625755833333,29.166999999999998
1682752317.088068008422852,31.760949108666665,117.183626890499994,29.157999999999998
1682752317.184962987899780,31.760949903166665,117.183628015833335,29.157999999999998
1682752317.286513090133667,31.760950705166668,117.183629161333329,29.148000000000000
1682752317.386820077896118,31.760951453333334,117.183630268833326,29.148000000000000
1682752317.486562967300415,31.760952240166667,117.183631437666662,29.138000000000002
1682752317.586565971374512,31.760952974833334,117.183632522666670,29.138000000000002
1682752317.680242061614990,31.760953739000001,117.183633596000007,29.138000000000002
1682752317.783425092697144,31.760954516833333,117.183634753000007,29.127999999999997
1682752317.886553049087524,31.760955271166665,117.183635902000006,29.117999999999999
1682752317.986639022827148,31.760956058666668,117.183637001999998,29.117999999999999
1682752318.086574077606201,31.760956886166667,117.183638181666666,29.108999999999998
1682752318.186619997024536,31.760957631333333,117.183639306666663,29.110000000000003
1682752318.283610105514526,31.760958442833335,117.183640480833333,29.099999999999998
1682752318.383500099182129,31.760959199166667,117.183641625500002,29.101000000000003
1682752318.486778974533081,31.760959954833332,117.183642797999994,29.090000000000000
1682752318.583482980728149,31.760960800333333,117.183643941333330,29.090000000000000
1682752318.695019006729126,31.760961632000001,117.183645090499994,29.078999999999997
1682752318.788794040679932,31.760962366333334,117.183646191999998,29.077999999999999
1682752318.895040035247803,31.760963203500001,117.183647348333338,29.068000000000001
1682752318.990300893783569,31.760963966666665,117.183648463833336,29.068000000000001
1682752319.095247030258179,31.760964693833333,117.183649514833334,29.056999999999999
1682752319.198837995529175,31.760965473333332,117.183650552666663,29.059000000000001
1682752319.295217037200928,31.760966251999999,117.183651585833331,29.050000000000001
1682752319.395102977752686,31.760966985000000,117.183652723999998,29.050999999999998
1682752319.493716955184937,31.760967798166668,117.183653891999995,29.041999999999998
1682752319.587555885314941,31.760968581833332,117.183655097833338,29.043000000000003
1682752319.688282012939453,31.760969208999999,117.183656386999999,29.041999999999998
1682752319.780401945114136,31.760969887999998,117.183657641166661,29.031000000000002
1682752319.876774072647095,31.760970652333334,117.183658914666665,29.022000000000002
1682752319.973582029342651,31.760971243499998,117.183660196166670,29.020999999999997
1682752320.081363916397095,31.760971889666667,117.183661582499994,29.010999999999999
1682752320.185174942016602,31.760972444833332,117.183662901999995,29.010000000000002
1682752320.286796092987061,31.760972873000000,117.183664316833330,28.998000000000001
1682752320.386677980422974,31.760973337500001,117.183665658833334,28.995999999999999
1682752320.486783027648926,31.760973720333332,117.183667047666660,28.983999999999998
1682752320.586848020553589,31.760973928999999,117.183668522666665,28.982000000000003
1682752320.680435895919800,31.760974124499999,117.183670006499995,28.980000000000000
1682752320.783548116683960,31.760974294833332,117.183671561333327,28.968999999999998
1682752320.886852025985718,31.760974323333333,117.183673033166670,28.956999999999997
1682752320.988373041152954,31.760974264333335,117.183674560166665,28.956999999999997
1682752321.098330974578857,31.760974135333335,117.183676068500006,28.944999999999997
1682752321.192109107971191,31.760973874166666,117.183677542166663,28.944999999999997
1682752321.298634052276611,31.760973565499999,117.183678996833336,28.932999999999996
1682752321.390472888946533,31.760973190500000,117.183680428000002,28.931999999999999
1682752321.490101099014282,31.760972661499999,117.183681781999994,28.922000000000001
1682752321.586859941482544,31.760972079999998,117.183683147166661,28.922000000000001
1682752321.698441028594971,31.760971404833334,117.183684458666661,28.922000000000001
1682752321.792143106460571,31.760970681666667,117.183685705833327,28.913000000000000
1682752321.895262002944946,31.760969905166668,117.183686876666670,28.904000000000000
1682752321.990544080734253,31.760969073166667,117.183688008666664,28.904999999999998
1682752322.096812009811401,31.760968177333332,117.183689068666666,28.898000000000000
1682752322.192110061645508,31.760967220333335,117.183690074333327,28.898999999999997
1682752322.295296907424927,31.760966225166666,117.183691018166670,28.891999999999999
1682752322.398478031158447,31.760965197333334,117.183691890500000,28.894000000000002
1682752322.492244005203247,31.760964178166667,117.183692727166672,28.886999999999997
1682752322.595324039459229,31.760963111666666,117.183693526666673,28.888999999999999
1682752322.690722942352295,31.760962046166668,117.183694288333328,28.891000000000002
1682752322.796945095062256,31.760960888500001,117.183694844499996,28.883999999999997
1682752322.893853902816772,31.760959775500002,117.183695430333330,28.877999999999997
1682752322.993802070617676,31.760958632666668,117.183695971333336,28.879999999999999
1682752323.096942901611328,31.760957422333334,117.183696387833336,28.874999999999996
1682752323.190607070922852,31.760956235999998,117.183696777166674,28.876999999999999
1682752323.296978950500488,31.760955021000001,117.183697084499997,28.870999999999999
1682752323.392302036285400,31.760953785500000,117.183697344500004,28.873999999999999
1682752323.497100114822388,31.760952581833333,117.183697513499993,28.867999999999999
1682752323.590683937072754,31.760951349166668,117.183697680666668,28.870999999999999
1682752323.693876028060913,31.760950129833333,117.183697825166661,28.873999999999999
1682752323.796981096267700,31.760948908166668,117.183697860833334,28.867999999999999
1682752323.895529985427856,31.760947708833335,117.183697892666672,28.862999999999996
1682752323.987643957138062,31.760946579666665,117.183697975000001,28.865999999999996
1682752324.090204000473022,31.760945349000000,117.183697892833337,28.860000000000003
1682752324.195540904998779,31.760944096833335,117.183697850833340,28.864000000000001
1682752324.298580884933472,31.760942863166665,117.183697764333331,28.857000000000003
1682752324.392332077026367,31.760941558833334,117.183697646666673,28.861000000000001
1682752324.495585918426514,31.760940273999999,117.183697394333336,28.855000000000000
1682752324.590799093246460,31.760939041000000,117.183697197499995,28.858000000000001
1682752324.687047958374023,31.760937788833335,117.183696987166670,28.860000000000003
1682752324.788608074188232,31.760936548499998,117.183696646333331,28.854000000000003
1682752324.888627052307129,31.760935324833333,117.183696259666661,28.848000000000003
1682752324.988610982894897,31.760934100166665,117.183695949166662,28.851000000000003
1682752325.098613977432251,31.760932786166666,117.183695469833339,28.846000000000000
1682752325.193933963775635,31.760931597166667,117.183695083000003,28.849000000000000
1682752325.292726039886475,31.760930193833332,117.183694240500003,28.843999999999998
1682752325.385533094406128,31.760928890500001,117.183693576666670,28.848000000000003
1682752325.488799095153809,31.760927582166666,117.183692922500001,28.842000000000002
1682752325.588715076446533,31.760926273333332,117.183692307333331,28.846000000000000
1682752325.690788984298706,31.760925011666668,117.183691784166669,28.849000000000000
1682752325.793956041336060,31.760923744666666,117.183691251833338,28.843999999999998
1682752325.892499923706055,31.760922456999999,117.183690716166666,28.837999999999997
1682752325.985553026199341,31.760921173500002,117.183690249500003,28.842000000000002
1682752326.088745117187500,31.760919904833333,117.183689778666661,28.836000000000002
1682752326.180943965911865,31.760918628999999,117.183689343333327,28.839000000000002
1682752326.277115106582642,31.760917392166668,117.183688915000005,28.833000000000002
1682752326.373960971832275,31.760916113000000,117.183688498500004,28.837000000000000
1682752326.477303981781006,31.760914837666668,117.183688084333340,28.831999999999997
1682752326.573987007141113,31.760913571166668,117.183687708666668,28.834999999999997
1682752326.684251070022583,31.760912310833334,117.183687349333340,28.837999999999997
1682752326.784225940704346,31.760911040500002,117.183686975833339,28.833000000000002
1682752326.887317895889282,31.760909760333334,117.183686602833333,28.828999999999997
1682752326.987196922302246,31.760908478000001,117.183686272666662,28.831999999999997
1682752327.088815927505493,31.760907184166665,117.183685978833338,28.827000000000002
1682752327.185595035552979,31.760905900833333,117.183685697666661,28.830000000000002
1682752327.285851001739502,31.760904619166666,117.183685427666660,28.824000000000002
1682752327.385802984237671,31.760903323666668,117.183685179833333,28.827000000000002
1682752327.485863924026489,31.760902075166666,117.183684925166673,28.821000000000002
1682752327.588835000991821,31.760900771333333,117.183684708000001,28.824000000000002
1682752327.682542085647583,31.760899464166666,117.183684517000003,28.827000000000002
1682752327.782479047775269,31.760898190666666,117.183684312833336,28.821999999999999
1682752327.885864973068237,31.760896897166667,117.183684142000004,28.816999999999997
1682752327.982455015182495,31.760895595499999,117.183683991500004,28.818999999999999
1682752328.091939926147461,31.760894338833332,117.183683855833337,28.815000000000001
1682752328.188853025436401,31.760893108499999,117.183683738666673,28.816999999999997
1682752328.285798072814941,31.760892042666665,117.183683653666662,28.812999999999999
1682752328.385813951492310,31.760891179833333,117.183683559166667,28.812000000000001
1682752328.489243030548096,31.760891085166666,117.183683623833332,28.803000000000001
1682752328.586976051330566,31.760891379166665,117.183683667500006,28.806000000000001
1682752328.697293996810913,31.760891142999998,117.183683651833334,28.804999999999996
1682752328.792573928833008,31.760891407999999,117.183683783166671,28.799000000000003
1682752328.898983001708984,31.760891450166667,117.183683854500003,28.791000000000000
1682752328.994143962860107,31.760891446333332,117.183683853666665,28.791999999999998
1682752329.098865032196045,31.760891331666667,117.183683813666661,28.785000000000000
1682752329.192600011825562,31.760891306333335,117.183683815666669,28.785000000000000
1682752329.299112081527710,31.760891079499999,117.183683762499996,28.778000000000002
1682752329.398926019668579,31.760890642166668,117.183683740666666,28.779999999999998
1682752329.494208097457886,31.760890276833333,117.183683779833331,28.773999999999997
1682752329.589509963989258,31.760889747499998,117.183683729166660,28.775000000000002
1682752329.694221973419189,31.760889184500002,117.183683707666660,28.776000000000000
1682752329.797394990921021,31.760888327333333,117.183683608666669,28.772000000000002
1682752329.891129016876221,31.760887497333332,117.183683562166664,28.767999999999997
1682752329.985850095748901,31.760886602833335,117.183683517333336,28.770000000000000
1682752330.088938951492310,31.760885652999999,117.183683477166667,28.766000000000002
1682752330.182647943496704,31.760884581166668,117.183683418499996,28.769000000000002
1682752330.285797119140625,31.760883426500001,117.183683349999995,28.764999999999997
1682752330.385874986648560,31.760882174999999,117.183683311333340,28.767999999999997
1682752330.485827922821045,31.760880865000001,117.183683274499998,28.763999999999999
1682752330.587526082992554,31.760879524499998,117.183683158666668,28.766999999999999
1682752330.681191921234131,31.760878204166666,117.183683157833329,28.770000000000000
1682752330.784344911575317,31.760876883666668,117.183683124666672,28.764999999999997
1682752330.884299993515015,31.760875632499999,117.183683054666673,28.760999999999999
1682752330.984280109405518,31.760874310666665,117.183683068166673,28.763000000000002
1682752331.084302902221680,31.760873072500001,117.183683088166660,28.758999999999997
1682752331.187486886978149,31.760871759000000,117.183683072833333,28.760999999999999
1682752331.284471035003662,31.760870468333334,117.183683177999995,28.757000000000001
1682752331.384335041046143,31.760869161333332,117.183683210500007,28.758999999999997
1682752331.485951900482178,31.760867918333332,117.183683225666670,28.754000000000001
1682752331.585867881774902,31.760866630833334,117.183683350999999,28.755999999999997
1682752331.697565078735352,31.760865340500001,117.183683459999997,28.757999999999999
1682752331.791162967681885,31.760864077499999,117.183683544166669,28.754999999999999
1682752331.897640943527222,31.760862846166667,117.183683708999993,28.751999999999999
1682752331.992789030075073,31.760861557666665,117.183683844166666,28.754999999999999
1682752332.097539901733398,31.760860275166667,117.183683980833337,28.752999999999997
1682752332.191154003143311,31.760858927166666,117.183684180333330,28.755999999999997
1682752332.295536041259766,31.760857601166666,117.183684415833326,28.754000000000001
1682752332.389116048812866,31.760856373166668,117.183684567166665,28.757000000000001
1682752332.486082077026367,31.760855103000001,117.183684822000004,28.754000000000001
1682752332.586074113845825,31.760853839333333,117.183685040666660,28.757000000000001
1682752332.689209938049316,31.760852671500000,117.183685195666669,28.758999999999997
1682752332.789155006408691,31.760851437500001,117.183685480166673,28.755999999999997
1682752332.889091014862061,31.760850209000001,117.183685728666660,28.752999999999997
1682752332.989550113677979,31.760848929666668,117.183685885499997,28.755999999999997
1682752333.089190959930420,31.760847657333333,117.183686142666673,28.751999999999999
1682752333.186170101165771,31.760846339000000,117.183686322333330,28.754999999999999
1682752333.289283037185669,31.760845102499999,117.183686456166669,28.751000000000001
1682752333.382899045944214,31.760843798000000,117.183686683500000,28.754000000000001
1682752333.484517097473145,31.760842535833333,117.183686883666667,28.751000000000001
1682752333.584487915039062,31.760841242833333,117.183687023499999,28.754000000000001
1682752333.696079969406128,31.760839942166665,117.183687221000000,28.755999999999997
1682752333.791279077529907,31.760838721333332,117.183687431333340,28.752999999999997
1682752333.897605895996094,31.760837461166666,117.183687590999995,28.749999999999996
1682752333.992943048477173,31.760836153500001,117.183687801166670,28.752999999999997
1682752334.097641944885254,31.760834918333334,117.183688016333335,28.749999999999996
1682752334.191338062286377,31.760833621166668,117.183688132000000,28.751999999999999
1682752334.297843933105469,31.760832389833332,117.183688378666673,28.748999999999999
1682752334.389805078506470,31.760831109333335,117.183688575833330,28.751999999999999
1682752334.489459037780762,31.760829905666668,117.183688723666663,28.748000000000001
1682752334.589329004287720,31.760828621500000,117.183688877833333,28.751000000000001
1682752334.682904958724976,31.760827345666666,117.183689053833334,28.754000000000001
1682752334.783081054687500,31.760826105166668,117.183689221999998,28.751000000000001
1682752334.886255979537964,31.760824882166666,117.183689462000004,28.748000000000001
1682752334.984488010406494,31.760823589666668,117.183689658000006,28.751000000000001
1682752335.088135957717896,31.760822335499999,117.183689804666670,28.748000000000001
1682752335.181435108184814,31.760821062000002,117.183690004166664,28.751000000000001
1682752335.287868022918701,31.760819816166666,117.183690196000001,28.748000000000001
1682752335.384568929672241,31.760818522166666,117.183690377166670,28.751000000000001
1682752335.487898111343384,31.760817305166668,117.183690566999999,28.748000000000001
1682752335.587791919708252,31.760816012833335,117.183690721666665,28.751000000000001
1682752335.681535959243774,31.760814718833334,117.183690884000001,28.754000000000001
1682752335.784648895263672,31.760813494000001,117.183691103000001,28.751000000000001
1682752335.887783050537109,31.760812295833333,117.183691325166663,28.748000000000001
1682752335.987814903259277,31.760811027500001,117.183691521333330,28.751000000000001
1682752336.087817907333374,31.760809810833333,117.183691715500004,28.748000000000001
1682752336.189378023147583,31.760808527333332,117.183691924666661,28.751000000000001
1682752336.286385059356689,31.760807320000001,117.183692118833335,28.748000000000001
1682752336.386225938796997,31.760806008166668,117.183692262166673,28.751000000000001
1682752336.489459037780762,31.760804783333334,117.183692485666668,28.746999999999996
1682752336.589443922042847,31.760803503166667,117.183692676333337,28.749999999999996
1682752336.691483020782471,31.760802212166666,117.183692836000006,28.752999999999997
1682752336.794687032699585,31.760800991833335,117.183693076333327,28.749999999999996
1682752336.893214941024780,31.760799768333332,117.183693276833338,28.746999999999996
1682752336.986268043518066,31.760798487999999,117.183693437833327,28.749999999999996
1682752337.089428901672363,31.760797278999998,117.183693656499997,28.746999999999996
1682752337.183290004730225,31.760795983333335,117.183693844833329,28.749999999999996
1682752337.283058881759644,31.760794771833332,117.183694023833340,28.746999999999996
1682752337.383152008056641,31.760793478166665,117.183694235666664,28.748999999999999
1682752337.483138084411621,31.760792251833333,117.183694448333327,28.745000000000001
1682752337.586338996887207,31.760790974333332,117.183694658166672,28.748000000000001
1682752337.689635038375854,31.760789705333334,117.183694871333330,28.749999999999996
1682752337.783205032348633,31.760788514833333,117.183695063000002,28.745999999999999
1682752337.883382081985474,31.760787298666667,117.183695293499994,28.742999999999999
1682752337.983217954635620,31.760786019833333,117.183695505000003,28.745000000000001
1682752338.084785938262939,31.760784792999999,117.183695698166673,28.742999999999999
1682752338.187939882278442,31.760783485000001,117.183695905166672,28.745999999999999
1682752338.285006999969482,31.760782245333335,117.183696107499998,28.742999999999999
1682752338.383260965347290,31.760780931999999,117.183696281166661,28.745000000000001
1682752338.483201980590820,31.760779668166666,117.183696529499997,28.742000000000001
1682752338.584991931915283,31.760778363000000,117.183696744666662,28.743999999999996
1682752338.688024997711182,31.760777090833333,117.183696874833331,28.745000000000001
1682752338.781867980957031,31.760775903833334,117.183697054333336,28.742000000000001
1682752338.883285045623779,31.760774876500001,117.183697170666662,28.739000000000001
1682752338.983222007751465,31.760773841833334,117.183697249666665,28.739999999999998
1682752339.086405038833618,31.760773003833332,117.183697378000005,28.736000000000001
1682752339.189794063568115,31.760772147666668,117.183697460999994,28.736999999999998
1682752339.286545038223267,31.760771483999999,117.183697564166664,28.733000000000001
1682752339.386430025100708,31.760770679000000,117.183697653166661,28.733999999999998
1682752339.486416101455688,31.760770079833332,117.183697725666661,28.730000000000000
1682752339.586432933807373,31.760769447666668,117.183697810166663,28.730999999999998
1682752339.689620018005371,31.760768840000001,117.183697880166662,28.730999999999998
1682752339.783349037170410,31.760768288000001,117.183697944499997,28.727000000000000
1682752339.886445999145508,31.760767870666665,117.183697996500001,28.721999999999998
1682752339.989592075347900,31.760767414166665,117.183698037499994,28.721999999999998
1682752340.099641084671021,31.760767093999998,117.183698077666662,28.717000000000002
1682752340.193406105041504,31.760766746166667,117.183698115499993,28.717000000000002
1682752340.297997951507568,31.760766537833334,117.183698145333338,28.712000000000000
1682752340.393317937850952,31.760766301000000,117.183698178499995,28.712000000000000
1682752340.499847888946533,31.760766179499999,117.183698198499997,28.706000000000000
1682752340.594887018203735,31.760766043166665,117.183698215500002,28.706000000000000
1682752340.699906110763550,31.760765955833332,117.183698230166669,28.705000000000002
1682752340.793647050857544,31.760765996000000,117.183698226999994,28.699000000000002
1682752340.896562099456787,31.760766049833332,117.183698218166668,28.693000000000001
1682752340.991810083389282,31.760766067833334,117.183698217833339,28.691999999999997
1682752341.098151922225952,31.760766134333334,117.183698202666662,28.685999999999996
1682752341.193372011184692,31.760766146999998,117.183698202666662,28.684999999999999
1682752341.298121929168701,31.760766179000001,117.183698187166669,28.678999999999998
1682752341.391778945922852,31.760766179333334,117.183698188666668,28.678000000000001
1682752341.498287916183472,31.760766193666665,117.183698171000003,28.672000000000001
1682752341.590255022048950,31.760766189666668,117.183698172666666,28.671000000000003
1682752341.686547040939331,31.760766184666668,117.183698174166665,28.669999999999998
1682752341.781095981597900,31.760766183833333,117.183698155499997,28.663999999999998
1682752341.879849910736084,31.760766189833333,117.183698133833332,28.657999999999998
1682752341.978174924850464,31.760766182000001,117.183698135666660,28.657000000000000
1682752342.082818031311035,31.760766194500000,117.183698110999998,28.651000000000000
1682752342.183438062667847,31.760766185166666,117.183698112499997,28.650000000000002
1682752342.289902925491333,31.760766198166667,117.183698086166672,28.642999999999997
1682752342.389902114868164,31.760766186666668,117.183698087833335,28.642999999999997
1682752342.486818075180054,31.760766230666668,117.183698055500003,28.635999999999999
1682752342.586783885955811,31.760766218333334,117.183698057000001,28.635000000000002
1682752342.688247919082642,31.760766204999999,117.183698058666664,28.635000000000002
1682752342.789591073989868,31.760766182000001,117.183698034833327,28.627999999999997
1682752342.889802932739258,31.760766187166666,117.183698006166665,28.621999999999996
1682752342.983483076095581,31.760766171499998,117.183698007999993,28.620999999999999
1682752343.094516992568970,31.760766194500000,117.183697976000005,28.614000000000001
1682752343.190361976623535,31.760766177833332,117.183697977833333,28.612999999999996
1682752343.298387050628662,31.760766183166666,117.183697947666673,28.607000000000003
1682752343.398267984390259,31.760766165500002,117.183697949500001,28.605999999999998
